Date,Total Cases,New Cases,Total Deaths,New Deaths,Total Recovered,Active Cases,Critical,New Recovered,New Active,New Critical,PlaceInWorld,Total Tests,New Tests
2020-03-17,7.730,1.097,175,27,602,6.953,699,0,0,0,7,0,0
2020-03-18,9.134,1.404,264,89,1.000,8.268,771,398,1315,232,6,0,0
2020-03-19,10.995,1.861,372,108,1.300,9.328,1.002,300,1060,191,7,0,0
2020-03-20,12.612,1.617,450,78,1.587,10.575,1.297,287,1247,175,7,0,0
2020-03-21,14.459,1.847,562,112,1.811,12.310,1.525,224,1735,228,7,0,0
2020-03-22,16.018,1.559,674,112,2.200,13.144,1.746,389,834,221,7,0,0
2020-03-23,19.856,3.838,860,186,2.567,16.796,2.082,367,3652,336,7,0,0
2020-03-24,22.304,2.448,1.100,240,3.281,17.923,2.516,714,1127,434,7,0,0
2020-03-25,25.233,2.929,1.331,231,3.900,20.002,2.827,619,2079,311,7,0,0
2020-03-26,29.155,3.922,1.696,365,4.948,22.511,3.375,1048,2509,548,7,0,0
2020-03-27,32.964,3.809,1.995,299,5.698,25.269,3.787,750,2758,412,6,0,0
2020-03-28,37.575,4.611,2.314,319,6.624,29.561,4.273,926,4292,486,5,0,0
2020-03-29,40.174,2.599,2.606,292,7.131,30.366,4.632,507,805,359,6,0,0
2020-03-30,44.550,4.376,3.024,418,7.924,33.599,5.107,793,3233,475,6,0,0
2020-03-31,52.128,7.578,3.523,499,9.444,39.161,5.565,1520,5562,458,6,0,0
2020-04-01,56.989,4.861,4.032,509,10.934,42.022,6.017,1490,2861,452,6,0,0
2020-04-02,59.105,2.116,5.387,1.355,12.428,41.290,6.399,1494,-732,382,6,0,0
2020-04-03,64.338,5.233,6.507,1.120,14.008,43.823,6.662,1580,2.533,263,6,101.046,0
2020-04-04,68.605,4.267,7.560,1.053,15.438,45.607,6.838,1430,1.784,176,5,224.254,123.208
2020-04-05,70.478,1.873,8.078,518,16.183,46.217,6.978,745,610,140,5,224.254,0
2020-04-06,74.390,3.912,8.911,833,17.250,48.229,7.072,1067,2.012,94,5,224.254,0
2020-04-07,78.167,3.777,10.328,1.417,19.337,48.502,7.131,2087,273,59,4,224.254,0
2020-04-08,82.048,3.881,10.869,541,21.254,49.925,7.148,1917,1.423,17,4,224.254,0
2020-04-09,86.334,4.286,12.210,1.341,23.206,50.918,7.066,1952,993,-82,4,224.254,0
2020-04-10,90.676,4.342,13.197,987,24.932,52.547,7.004,1726,1.629,-62,4,333.807,109553
2020-04-11,83.790,3.114,13.832,635,26.391,53.567,6.883,1459,1.020,-121,4,333.807,0
2020-04-12,95.403,1.613,14.393,561,27.186,53.824,6.845,795,257,-38,4,333.807,0
2020-04-13,98.076,2.673,14.967,574,27.718,55.391,6.821,532,1.567,-24,4,333.807,0
2020-04-14,103.573,5.497,15.729,762,28.805,59.039,6.730,1087,3.648,-91,4,333.807,0
2020-04-15,106.206,2.633,17.167,1.438,30.955,58.084,6.457,2190,-955,-273,4,333.807,0
2020-04-16,108.847,2.641,17.920,753,32.812,58.115,6.248,1817,31,-209,4,333.807,0
2020-04-17,109.252,405,18.681,761,34.420,56.151,6.027,1608,-1.964,-221,4,463.662,129855
2020-04-18,111.821,2.569,19.323,642,35.983,56.515,5.833,1563,364,-194,4,463.662,0
2020-04-19,112.606,785,19.718,395,36.570,56.310,5.744,587,-205,-89,4,463.662,0
2020-04-20,114.657,2.051,20.265,547,37.409,56.983,5.683,839,673,-61,4,463.662,0
2020-04-21,117.324,2.667,20.796,531,39.181,57.347,5.433,1772,364,-250,4,463.662,0
2020-04-22,119.151,1.827,21.340,544,40.657,57.154,5.218,1476,-193,-215,4,463.662,0
2020-04-23,120.804,1.653,21.856,516,42.088,56.860,5.053,1431,1.706,-165,4,463.662,0
2020-04-24,122.577,1.773,22.245,389,43.493,56.839,4.870,1405,-21,-183,4,463.662,0
2020-04-25,124.114,1.537,22.614,369,44.594,56.906,4.725,1101,67,-145,4,463.662,0
2020-04-26,124.575,461,22.856,242,44.903,56.816,4.682,309,-90,-43,4,463.662,0
2020-04-27,128.339,3.764,23.293,437,45.513,59.533,4.608,610,2.717,-74,4,463.662,0
2020-04-28,129.859,1.520,23.660,367,46.886,59.313,4.387,1373,-220,-221,4,463.662,0
2020-04-29,128.442,-1.417,24.087,427,48.228,56.127,4.207,1342,-3,-180,4,463.662,0
2020-04-30,129.581,1.139,24.376,289,49.476,55.729,4.019,1248,-3.186,-188,5,463.662,0
2020-05-01,130.185,604,24.594,218,50.212,55.379,3.878,736,-350,-141,5,724.574,260912
2020-05-02,130.979,794,24.760,166,50.562,55.657,3.827,350,278,-51,5,1.100.228,375654
2020-05-03,131.287,308,24.895,135,50.784,55.608,3.819,222,-49,-8,5,1.100.228,0
2020-05-04,131.863,576,25.201,306,51.371,55.291,3.696,587,-317,-123,5,1.100.228,0
2020-05-05,132.967,1.104,25.531,330,52.736,54.700,3.430,1365,-591,-266,5,1.100.228,0
2020-05-06,137.150,4.183,25.809,278,53.972,57.369,3.147,1236,2669,-283,5,1.100.228,0
2020-05-07,137.779,629,25.987,178,55.027,56.765,2.961,1055,-604,-186,6,1.100.228,0
2020-05-08,138.421,642,26.230,243,55.782,56.409,2.868,755,-356,-93,6,1.384.633,284405
2020-05-09,138.854,433,26.310,80,56.038,56.506,2.812,256,97,-56,6,1.384.633,0
2020-05-10,139.063,209,26.380,70,56.217,56.466,2.776,179,-40,-36,6,1.384.633,0
2020-05-11,139.519,456,26.643,263,56.724,56.152,2.712,507,-314,-64,6,1.384.633,0
2020-05-12,140.227,708,26.991,348,57.785,55.451,2.542,1061,-701,-170,6,1.384.633,0
2020-05-13,140.734,507,27.074,83,58.673,54.987,2.428,888,-464,-114,7,1.384.633,0
2020-05-14,141.356,622,27.425,351,59.605,54.326,2.299,932,-661,-129,7,1.384.633,0
2020-05-15,141.919,563,27.529,104,60.448,53.942,2.203,843,-384,-96,7,1.384.633,0
2020-05-16,142.291,372,27.625,96,61.066,53.600,2.132,618,-342,-71,7,1.384.633,0
2020-05-17,142.411,120,28.108,483,61.213,53.090,2.087,147,-510,-45,7,1.384.633,0
2020-05-18,142.903,492,28.239,131,61.728,52.936,1.998,515,-154,-89,7,1.384.633,0
2020-05-19,143.427,524,28.022,0,62.563,52.842,1.894,835,-94,-104,7,1.384.633,0
2020-05-20,143.845,418,28.132,110,63.354,52.359,1.794,791,-483,-100,7,1.384.633,0
2020-05-21,144.163,318,28.215,83,63.858,52.090,1.745,504,-269,-49,7,1.384.633,0
2020-05-22,144.556,393,28.289,74,64.209,52.058,1.701,351,-32,-44,7,1.384.633,0
2020-05-23,144.806,250,28.332,43,64.547,51.927,1.665,338,-131,-36,7,1.384.633,0
2020-05-24,144.921,115,28.367,35,64.617,51.937,1.655,70,10,-10,7,1.384.633,0
2020-05-25,145.279,358,28.457,90,65.199,51.648,1.609,582,-289,-46,7,1.384.633,0
2020-05-26,145.555,276,28.530,73,65.879,51.146,1.555,680,-502,-54,7,1.384.633,0
2020-05-27,145.746,191,28.596,66,66.584,50.566,1.501,705,-580,-54,7,1.384.633,0
2020-05-28,149.071,3.325,28.662,66,67.191,53.218,1.429,607,2.652,-72,7,1.384.633,0
2020-05-29,149.668,597,28.714,52,67.803,53.151,1.361,612,-67,-68,7,1.384.633,0
2020-05-30,151.496,1.828,28.771,57,68.268,54.457,1.325,465,1.306,-36,7,1.384.633,0
2020-05-31,151.753,257,28.802,31,68.355,54.596,1.319,87,139,-6,8,1.384.633,0
2020-06-01,152.091,338,28.833,31,68.440,54.818,1.302,85,222,-17,8,1.384.633,0
2020-06-02,151.325,-766,28.940,107,68.812,53.573,1.253,372,-1245,-49,12,1.384.633,0
2020-06-03,151.677,352,29.021,81,69.455,53.201,1.210,643,-372,-43,12,1.384.633,0
2020-06-04,152.444,767,29.065,44,69.976,53.403,1.163,521,202,-47,12,1.384.633,0
2020-06-05,153.055,611,29.111,46,70.504,53.440,1.094,528,37,-69,12,1.384.633,0
2020-06-06,153.634,579,29.142,31,70.806,53.686,1.059,302,246,-35,12,1.384.633,0
2020-06-07,153.977,343,29.155,13,70.842,53.980,1.053,36,294,-6,12,1.384.633,0
2020-06-08,154.188,211,29.209,54,71.062,53.917,1.024,220,-63,-29,12,1.384.633,0
2020-06-09,154.591,403,29.296,87,71.506,53.789,955,444,-128,-69,12,1.384.633,0
2020-06-10,155.136,545,29.319,23,71.832,53.985,933,326,196,-22,12,1.384.633,0
2020-06-11,155.561,425,29.346,27,72.149,54.066,903,317,81,-30,12,1.384.633,0
2020-06-12,156.287,726,29.374,28,72.572,54.341,879,423,275,-24,13,1.384.633,0
2020-06-13,156.813,526,29.398,24,72.808,54.607,871,236,266,-8,13,1.384.633,0
2020-06-14,157.220,407,29.407,9,72.859,54.954,869,51,347,-2,13,1.384.633,0
2020-06-15,157.372,152,29.436,29,73.044,54.892,846,185,-62,-23,13,1.384.633,0
2020-06-16,157.716,344,29.547,111,73.335,54.834,820,291,-58,-26,13,1.384.633,0
2020-06-17,158.174,458,29.575,28,73.667,54.932,772,332,98,-48,13,1.384.633,0
2020-06-18,158.641,467,29.603,28,73.887,55.151,752,220,219,-20,15,1.384.633,0
2020-06-19,159.452,811,29.617,14,74.117,55.718,727,230,567,-25,15,1.384.633,0
2020-06-20,160.093,641,29.633,16,74.312,56.148,715,195,430,-12,15,1.384.633,0
2020-06-21,160.377,284,29.640,7,74.372,56.365,715,60,217,0,15,1.384.633,0
2020-06-22,160.750,373,29.663,23,74.612,56.475,701,240,110,-14,16,1.384.633,0
2020-06-23,161.267,517,29.720,57,74.871,56.676,682,259,201,-19,16,1.384.633,0
2020-06-24,161.348,81,29.731,11,75.127,56.490,658,256,-186,-24,16,1.384.633,0
2020-06-25,161.348,0,29.752,21,75.351,56.245,651,224,-245,-7,16,1.384.633,0
2020-06-26,162.936,1.588,29.778,26,75.351,57.807,651,224,1.562,0,16,1.384.633,0
2020-06-28,163.980,522,29.795,9,75.649,58.536,634,0,0,0,16,1.384.633,0
2020-06-29,164.260,280,29.813,18,75.649,58.798,634,0,262,0,16,1.384.633,0
2020-06-30,164.801,541,29.843,30,75.649,59.309,602,0,511,-32,16,1.384.633,0
2020-07-01,165.719,918,29.861,18,76.274,59.584,582,625,275,-20,16,1.384.633,0
2020-07-02,166.378,659,29.875,14,76.802,59.701,573,528,117,-9,16,1.384.633,0
2020-07-03,166.960,582,29.893,18,77.049,60.018,560,247,317,-13,17,1.384.633,0
2020-07-04,167.520,560,29.900,7,77.160,60.460,560,100,442,0,17,1.384.633,0
2020-07-05,168.159,639,29.907,7,77.179,61.073,560,19,613,0,17,1.384.633,0
2020-07-06,168.335,176,29.920,13,77.308,61.107,560,129,34,0,17,1.384.633,0
2020-07-07,168.810,475,29.933,13,77.655,61.222,538,347,115,-22,17,1.384.633,0
2020-07-08,169.473,663,29.965,32,77.985,61.523,503,330,301,-35,18,1.384.633,0
2020-07-09,170.094,621,29.979,14,78.170,61.945,512,185,422,9,18,1.384.633,0
2020-07-10,170.752,658,30.004,25,78.388,62.360,496,218,415,-16,18,1.384.633,0
2020-07-12,172.089,668,30.011,3,78.388,63.690,496,0,1.330,0,18,1.384.633,0
2020-07-13,172.377,288,30.029,18,78.597,63.751,492,209,61,-4,18,1.384.633,0
2020-07-14,172.888,511,30.075,46,78.670,64.118,465,73,367,-27,18,1.384.633,0
2020-07-15,173.304,416,30.095,20,78.820,64.364,482,150,246,17,18,2.489.269,1104636
2020-07-16,173.838,534,30.113,18,79.036,64.664,481,216,300,-1,18,2.532.227,42958
2020-07-17,174.674,836,30.127,14,79.233,65.289,452,197,625,-29,18,2.602.581,70354
2020-07-18,175.539,865,30.136,9,79.233,65.866,477,0,577,25,19,2.618.722,16141
2020-07-19,176.404,865,30.144,8,79.233,66.442,477,0,576,0,19,2.618.722,0
2020-07-20,176.754,350,30.152,8,79.233,66.504,477,0,62,0,19,2.764.345,145623
2020-07-21,177.338,584,30.165,13,79.734,67.439,455,501,935,-22,19,2.841.473,77128
2020-07-22,178.336,998,30.172,7,79.957,68.207,445,223,768,-10,19,2.900.040,58567
2020-07-23,179.398,1.062,30.182,10,80.472,68.744,436,515,537,-9,19,2.900.040,0
2020-07-24,180.528,1.130,30.192,10,80.815,69.521,410,343,777,-26,19,2.982.302,82262
2020-07-25,181.547,1.019,30.196,4,80.815,70.536,410,0,1.015,0,19,2.982.302,0
2020-07-26,182.565,1.018,30.200,4,80.815,71.550,410,0,1.014,0,19,2.982.302,0
2020-07-27,183.079,514,30.209,9,80.815,72.055,410,0,505,0,19,2.982.302,0
2020-07-28,183.804,725,30.223,14,81.082,72.499,398,267,444,-12,19,2.982.302,0
2020-07-29,185.196,1.392,30.238,15,81.311,73.647,385,229,1148,-13,19,2.982.302,0
2020-07-30,186.573,1.377,30.254,16,81.311,75.008,385,0,1361,0,19,2.982.302,0
2020-07-31,187.919,1.346,30.265,11,81.500,76.154,371,189,1146,-14,19,2.982.302,0
2020-08-01,187.919,0,30.268,3,81.500,76.151,371,0,-3,0,20,2.982.302,0
2020-08-02,190.739,2.820,30.272,4,81.500,78.967,371,0,2.816,0,20,2.982.302,0
2020-08-03,191.295,556,30.294,22,81.500,79.501,371,0,534,0,20,2.982.302,0
2020-08-04,192.334,1.039,30.296,2,82.166,79.872,384,666,371,13,20,2.982.302,0
2020-08-05,194.029,1.695,30.305,9,82.166,81.558,384,0,1686,0,20,2.982.302,0
2020-08-06,195.633,1.604,30.312,7,82.460,82.861,384,142,1303,0,20,3.992.206,1.009.904
2020-08-07,197.921,2.288,30.324,12,82.836,84.761,383,376,1.900,-1,20,4.088.986,96.780
2020-08-08,199.956,2.035,30.325,1,82.836,86.795,383,0,2.034,0,20,4.088.986,0
2020-08-09,201.990,2.034,30.326,1,82.836,88.828,383,0,2.033,0,20,4.088.986,0
2020-08-10,202.775,785,30.340,14,83.047,89.599,396,211,771,13,20,4.088.986,0
2020-08-11,204.172,1.397,30.354,14,83.237,90.581,391,190,982,-5,20,4.088.986,0
2020-08-12,206.696,2.524,30.371,17,83.472,92.853,379,235,2.272,-12,20,4.088.986,0
2020-08-13,209.365,2.669,30.388,17,83.663,95.505,374,191,2.652,-5,20,5.500.000,1.411.014
2020-08-14,212.211,2.846,30.405,14,83.848,97.958,367,185,2.453,-7,20,5.500.000,0
2020-08-15,215.521,3.310,30.409,4,83.848,101.264,367,0,3.306,0,20,5.500.000,0
2020-08-16,218.536,3.015,30.410,1,83.848,104.278,367,0,3.014,0,20,5.500.000,0
2020-08-17,219.029,493,30.434,24,84.065,104.530,384,217,252,17,20,5.500.000,0
2020-08-18,221.267,2.238,30.451,17,84.309,106.751,380,244,2.221,-4,20,6.000.000,500.000
2020-08-19,225.043,3.776,30.468,17,84.467,110.510,374,158,3.759,-6,20,6.000.000,0
2020-08-20,229.814,4.771,30.480,12,84.642,115.269,380,175,4.759,6,20,6.000.000,0
2020-08-21,234.400,4.586,30.503,23,84.829,119.068,379,187,3.799,-1,20,6.000.000,0
2020-08-22,238.002,3.602,30.512,9,84.950,122.540,380,121,3.472,1,19,6.000.000,0
2020-08-23,242.899,4.897,30.513,1,84.950,127.436,380,0,4.896,0,19,6.000.000,0
2020-08-24,244.854,1.955,30.528,15,85.199,129.127,399,249,1.691,19,19,6.000.000,0
2020-08-25,248.158,3.304,30.544,16,85.524,132.090,410,325,2.963,11,19,6.000.000,0
2020-08-26,253.587,5.429,30.544,0,85.524,137.519,410,0,5.429,0,19,6.000.000,0
2020-08-27,259.698,6.111,30.576,32,85.984,143.138,381,460,5619,-29,19,6.000.000,0
2020-08-28,267.077,7.379,30.596,20,86.177,150.304,387,193,7166,6,17,6.030.812,30812
2020-08-29,272.530,5.453,30.602,6,86.177,155.751,387,0,5447,0,17,6.175.223,144411
2020-08-30,277.943,5.413,30.606,4,86.177,161.160,402,0,5409,15,17,6.323.472,148249
2020-08-31,281.025,3.082,30.635,29,86.469,163.921,409,292,2761,7,17,6.461.460,137988
2020-09-01,286.007,4.982,30.661,26,86.712,168.634,424,243,4713,15,17,7.500.000,1038540
2020-09-02,293.024,7.017,30.686,25,86.963,175.375,446,251,6741,22,17,7.500.000,0
2020-09-03,300.181,7.157,30.706,20,87.206,182.269,464,243,6894,18,16,7.500.000,0
2020-09-04,309.156,8.975,30.724,18,87.206,191.244,464,0,8975,0,16,8.500.000,1000000
2020-09-05,317.706,8.550,30.724,0,87.447,199.535,473,241,8291,9,16,8.500.000,0
2020-09-06,324.777,7.071,30.724,0,87.447,206.606,473,0,7071,0,15,8.500.000,0
2020-09-07,328.980,4.203,30.726,25,87.836,210.418,537,389,3812,64,14,8.500.000,0
2020-09-08,335.524,6.544,30.764,38,88.226,216.534,574,390,6116,37,14,8.500.000,0
2020-09-09,344.101,8.577,30.794,30,88.524,225.081,574,298,8547,0,14,8.500.000,0
2020-09-10,353.944,9.843,30.813,19,88.742,234.389,615,218,9308,41,14,10.000.000,1500000
2020-09-11,363.350,9.406,30.893,80,89.059,243.398,635,317,9009,20,13,10.000.000,0
2020-09-12,373.911,10.561,30.910,17,89.059,253.942,635,0,10544,0,13,10.000.000,0
2020-09-13,381.094,7.183,30.916,6,89.059,261.119,635,0,7177,0,13,10.000.000,0
2020-09-14,387.252,6.158,30.950,34,89.507,266.795,712,448,5676,77,13,10.000.000,0
2020-09-15,395.104,7.852,30.999,49,89.891,274.214,759,384,7419,47,13,10.000.000,0
2020-09-16,404.888,9.784,31.045,46,90.335,283.508,803,444,9294,44,13,10.000.000,0
2020-09-17,415.481,10.593,31.095,50,90.840,293.546,800,505,10038,-3,12,10.000.000,0
2020-09-18,428.696,13.215,31.249,154,91.574,305.873,827,734,12327,27,12,10.000.000,0
2020-09-19,442.194,13.498,31.274,26,91.574,319.346,827,0,13473,0,12,10.000.000,0
2020-09-20,452.763,10.569,31.285,11,91.574,329.904,827,0,10558,0,11,10.000.000,0
2020-09-21,458.061,5.298,31.338,53,93.008,333.715,919,1434,3811,92,11,10.000.000,0
2020-09-22,468.069,10.008,31.416,78,93.538,343.115,951,530,9400,32,11,10.000.000,0
2020-09-23,481.141,13.072,31.459,43,93.538,356.144,951,0,13029,0,11,10.000.000,0
2020-09-24,497.237,16.096,31.511,52,94.413,371.313,1.048,875,15169,97,11,10.000.000,0
2020-09-25,513.034,15.797,31.661,150,94.891,386.482,1.098,478,15169,50,11,10.218.319,218319
2020-09-26,527.446,14.412,31.700,39,94.891,400.855,1.098,0,14373,0,11,10.390.812,172493
2020-09-27,538.569,11.123,31.727,27,94.891,411.951,1.098,0,11096,0,11,10.556.474,165662
2020-09-28,542.639,4.070,31.808,81,95.426,415.405,1.118,535,3454,20,11,10.712.335,155861
2020-09-29,550.690,8.051,31.893,85,96.327,422.470,1.204,901,7065,86,11,10.806.709,94374
2020-09-30,563.535,12.845,31.956,63,96.797,434.782,1.238,470,12312,34,11,10.841.327,34618
2020-10-01,577.505,13.970,32.019,63,96.797,448.689,1.238,0,0,0,11,11.020.523,179196
2020-10-02,589.653,12.148,32.155,136,97.778,459.720,1.276,981,11031,38,11,11.174.392,153869
2020-10-03,606.625,16.972,32.198,49,97.778,476.649,1.276,0,16929,0,11,11.174.392,0
2020-10-04,619.190,12.565,32.230,32,97.778,489.182,1.276,0,12533,0,11,11.469.737,295345
2020-10-05,624.274,5.084,32.299,69,98.680,493.295,1.415,902,4113,139,11,11.616.000,146263
2020-10-06,634.763,10.489,32.365,66,99.295,503.103,1.426,615,9808,11,11,11.699.517,83517
2020-10-07,653.509,18.746,32.445,80,99.793,521.271,1.416,498,18168,-10,11,11.723.039,23522
2020-10-08,671.638,18.129,32.521,76,100.306,538.811,1.427,513,17540,11,11,11.900.095,177056
2020-10-09,691.977,20.339,32.583,62,100.828,558.566,1.448,522,19755,21,10,12.061.094,160999
2020-10-10,718.873,26.896,32.637,54,100.828,585.408,1.448,0,26842,0,10,12.225.760,164666
2020-10-12,743.479,8.505,32.779,96,100.828,609.872,1.448,0,24464,0,10,12.394.558,168798
2020-10-13,756.472,12.993,32.942,117,102.680,620.850,1.642,1852,10978,194,10,12.679.122,284564
2020-10-14,779.063,22.591,33.037,104,103.413,642.613,1.673,733,21763,31,10,12.710.074,30952
2020-10-15,809.684,30.621,33.125,88,104.082,672.477,1.750,669,29864,77,10,12.710.074,0
2020-10-16,834.770,25.086,33.247,122,104.082,697.441,1.750,0,24964,0,10,13.128.805,418731
2020-10-17,867.197,32.427,33.392,89,104.696,729.109,1.800,614,31668,50,8,13.336.528,207723
2020-10-18,897.034,29.837,33.477,85,104.696,758.861,1.800,0,29752,0,8,13.336.528,0
2020-10-19,910.277,13.243,33.623,146,105.935,770.719,2.099,1239,11858,299,8,13.765.883,429355
2020-10-20,930.745,20.468,33.885,262,106.839,790.021,2.177,904,19302,78,8,13.894.126,128243
2020-10-21,957.421,26.676,34.048,163,107.652,815.721,2.248,813,25700,71,8,13.931.849,37723
2020-10-22,999.043,41.622,34.210,162,108.599,856.234,2.319,947,40513,71,7,14.182.285,250436
2020-10-23,1.041.075,42.032,34.508,298,109.486,897.081,2.441,887,40847,122,7,14.406.499,224214
2020-10-24,1.086.497,45.422,34.645,137,109.486,942.366,2.441,0,45285,0,6,14.637.427,230928
2020-10-25,1.138.507,52.010,34.761,116,109.486,994.260,2.441,0,51894,0,5,14.880.040,242613
2020-10-26,1.165.278,26.771,35.018,257,111.347,1.018.913,2.770,1861,24653,329,5,14.880.040,0
2020-10-27,1.198.695,33.417,35.541,523,112.716,1.050.438,2.918,1369,31525,148,5,15.271.734,391694
2020-10-28,1.235.132,36.437,35.785,244,113.977,1.085.370,3.045,1261,34932,127,5,15.315.055,43321
2020-10-29,1.282.769,47.637,36.020,235,115.287,1.131.462,3.156,1310,46092,111,5,15.592.956,277901
2020-10-30,1.331.984,49.215,36.276,256,115.287,1.180.421,3.156,0,48959,0,5,15.836.818,243862
2020-10-31,1.367.625,35.641,36.788,223,117.658,1.213.179,3.452,2371,32758,296,5,16.060.497,223679
2020-11-01,1.413.915,46.290,37.019,231,118.227,1.258.669,3.578,569,45490,126,5,16.303.968,243471
2020-11-02,1.466.433,52.518,37.435,416,119.104,1.309.894,3.730,877,51225,152,5,16.540.372,236404
2020-11-03,1.502.763,36.330,38.289,854,120.714,1.343.760,3.878,1610,33866,148,5,16.718.098,177726
2020-11-04,1.543.321,40.558,38.674,385,122.662,1.381.985,4.089,1948,38225,211,5,16.819.377,101279
2020-11-05,1.601.367,58.046,39.037,363,124.278,1.438.052,4.230,1616,56067,141,5,17.055.801,236424
2020-11-06,1.661.853,60.486,39.865,828,126.329,1.495.659,4.331,2051,57607,101,5,17.367.177,311376
2020-11-07,1.748.705,86.852,40.169,304,127.938,1.580.598,4.421,1609,84939,90,5,17.651.546,284369
2020-11-08,1.787.324,38.619,40.439,270,128.614,1.618.271,4.539,676,37673,118,4,17.891.276,239730
2020-11-09,1.807.479,20.155,40.987,548,129.735,1.636.757,4.690,1121,18486,151,4,18.120.790,229514
2020-11-10,1.829.659,22.180,42.207,857,131.920,1.655.532,4.750,2185,18775,60,4,18.249.032,128242
2020-11-11,1.865.538,35.879,42.535,328,133.696,1.689.307,4.803,1776,33775,53,4,18.282.590,33558
2020-11-12,1.898.710,33.172,42.960,425,134.954,1.720.796,4.899,1258,31489,96,4,18.528.562,245972
2020-11-13,1.922.504,23.794,43.892,932,137.155,1.741.457,4.903,2201,20661,4,4,18.754.431,225869
2020-11-14,1.954.599,32.095,44.246,354,139.140,1.771.213,4.871,1985,29756,-32,4,18.792.403,37972
2020-11-15,1.981.827,27.228,44.548,302,139.810,1.797.469,4.896,670,26256,25,4,19.005.625,213222
2020-11-16,1.991.233,9.406,45.054,506,140.880,1.805.299,4.896,1070,7830,0,4,19.191.764,186139
2020-11-17,2.036.755,14.524,46.273,625,143.152,1.847.330,4.854,2.272,42031,-42,4,19.275.371,83607
2020-11-18,2.065.138,28.383,46.698,425,145.391,1.873.049,4.775,2239,25719,-79,4,19.339.461,64090
2020-11-19,2.086.288,21.150,47.127,429,147.569,1.891.592,4.653,2178,18543,-122,4,19.339.461,0
2020-11-20,2.109.170,22.882,48.265,634,149.521,1.911.384,4.582,1952,19792,-71,4,19.659.456,319995
2020-11-21,2.127.051,17.881,48.518,253,149.521,1.929.012,4.582,0,17628,0,4,19.779.652,120196
2020-11-22,2.140.208,13.157,48.732,214,149.521,1.941.955,4.582,0,12943,0,4,19.898.736,119084
2020-11-23,2.144.660,4.452,49.232,500,152.592,1.942.836,4.454,3071,881,-128,4,20.024.871,126135
2020-11-24,2.153.815,9.155,50.237,592,154.679,1.948.899,4.289,2087,6063,-165,4,20.084.917,60046
2020-11-25,2.170.097,16.282,50.618,381,156.552,1.962.927,4.148,1873,14028,-141,4,20.098.815,13898
2020-11-26,2.183.660,13.563,50.957,339,158.236,1.974.467,4.018,1684,11540,-130,5,20.224.617,125802
2020-11-27,2.196.119,12.459,51.914,581,159.915,1.984.290,3.883,1679,9823,-135,5,20.326.038,101421
2020-11-28,2.208.699,12.580,52.127,213,161.137,1.995.435,3.777,1222,11145,-106,5,20.418.493,92455
2020-11-29,2.218.483,9.784,52.325,198,161.427,2.004.731,3.756,290,9296,-21,5,20.512.082,93589
2020-11-30,2.222.488,4.005,52.731,406,162.281,2.007.476,3.751,854,2745,-5,5,20.618.607,106525
2020-12-01,2.230.571,8.083,53.506,466,164.029,2.013.036,3.605,1748,5560,-146,5,20.669.628,51021
2020-12-02,2.244.635,14.064,53.816,310,165.563,2.025.256,3.488,1534,12220,-117,5,20.678.186,8558
2020-12-03,2.257.331,12.696,54.140,324,166.940,2.036.251,3.425,1377,10995,-63,5,20.787.734,109548
2020-12-04,2.268.552,11.221,54.767,397,168.352,2.045.433,3.293,1412,9182,-132,5,20.879.180,91446
2020-12-05,2.281.475,12.923,54.981,214,169.358,2.057.136,3.230,1006,11703,-63,5,20.957.718,78538
2020-12-06,2.292.497,11.022,55.155,174,169.586,2.067.756,3.220,228,10620,-10,5,21.041.852,84134
2020-12-07,2.295.908,3.411,55.521,366,170.285,2.070.102,3.198,699,2346,-22,5,21.145.554,103702
2020-12-08,2.309.621,13.713,56.352,491,171.868,2.081.401,3.088,1583,11299,-110,5,21.145.554,0
2020-12-09,2.324.216,14.595,56.648,296,173.247,2.094.321,3.041,1379,12920,-47,5,28.023.593,6878039
2020-12-10,2.337.966,13.750,56.940,292,174.658,2.106.368,2.959,1411,12047,-82,5,28.282.874,259281
2020-12-11,2.351.372,13.406,57.567,412,175.891,2.117.914,2.884,1233,11546,-75,5,28.508.991,226117
2020-12-12,2.365.319,13.947,57.761,194,175.891,2.131.667,2.884,0,13753,0,5,28.717.663,208672
2020-12-13,2.376.852,11.533,57.911,150,176.995,2.141.946,2.871,1104,10279,-13,5,28.942.112,224449
2020-12-14,2.379.915,3.063,58.282,371,177.647,2.143.986,2.906,652,2040,35,5,29.186.274,244162
2020-12-15,2.391.447,11.532,59.072,428,179.087,2.153.288,2.881,1440,9302,-25,5,29.323.706,137432
2020-12-16,2.409.062,17.615,59.361,289,180.311,2.169.390,2.850,1224,16102,-31,5,29.368.410,44704
2020-12-17,2.427.316,18.254,59.619,258,181.506,2.186.191,2.808,1195,16801,-42,5,29.698.029,329619
2020-12-18,2.442.990,15.674,60.229,374,182.656,2.200.105,2.773,1150,13914,-35,5,30.011.276,313247
2020-12-19,2.460.555,17.565,60.418,189,183.571,2.216.566,2.727,915,16461,-46,5,30.346.777,335501
2020-12-20,2.473.354,12.799,60.549,131,183.806,2.228.999,2.754,235,12433,27,5,30.742.081,395304
2020-12-21,2.479.151,5.797,60.900,351,184.464,2.234.796,2.746,658,5797,-8,5,30.742.081,0
2020-12-22,2.490.946,11.795,61.702,802,186.058,2.243.186,2.728,1594,11795,-18,5,31.555.897,813816
2020-12-23,2.505.875,14.929,61.978,276,187.272,2.256.625,2.710,1214,13439,-18,5,31.689.112,133215
2020-12-24,2.527.509,21.634,62.268,290,188.639,2.276.602,2.652,1367,21634,-58,5,32.361.074,671962
2020-12-25,2.547.771,20.262,62.427,159,189.445,2.295.899,2.625,806,19297,-27,5,33.086.957,725883
2020-12-26,2.550.864,3.093,62.573,146,189.718,2.298.573,2.649,273,2674,24,5,33.787.677,700720
2020-12-27,2.559.686,8.822,62.746,173,189.718,2.307.222,2.649,0,8649,0,5,34.273.124,485447
2020-12-28,2.562.646,2.960,63.109,363,190.722,2.308.815,2.703,1004,1593,54,5,34.317.998,44874
2020-12-29,2.574.041,11.395,64.078,468,191.806,2.318.157,2.675,1084,9342,-28,5,34.540.094,222096
2020-12-30,2.600.498,26.457,64.381,303,193.045,2.343.072,2.661,1239,24915,-14,5,34.621.162,81068
2020-12-31,2.620.425,19.927,64.632,251,194.221,2.361.572,2.634,1176,18500,-27,5,35.025.374,404212
2021-01-01,2.639.773,19.348,64.765,133,194.221,2.380.787,2.634,0,19215,0,5,35.395.663,370289
2021-01-02,2.643.239,3.466,64.921,156,195.174,2.383.144,2.641,953,2357,7,5,35.790.511,394848
2021-01-03,2.655.728,12.489,65.037,116,195.174,2.395.517,2.641,0,12373,0,5,36.125.326,334815
2021-01-04,2.659.750,4.022,65.415,378,196.037,2.398.298,2.666,863,2781,25,6,36.162.648,37322
2021-01-05,2.680.239,20.489,66.282,420,197.503,2.416.454,2.625,1466,18156,-41,6,36.400.946,238298
2021-01-06,2.705.618,25.379,66.565,283,198.756,2.440.297,2.616,1253,23843,-9,6,36.457.261,56315
2021-01-07,2.727.321,21.703,66.841,276,198.756,2.461.724,2.616,0,21427,0,6,36.890.043,432782
2021-01-08,2.747.135,19.814,67.431,381,201.286,2.478.418,2.615,2530,16694,-1,6,37.239.217,349174
2021-01-09,2.767.312,20.177,67.599,168,202.165,2.497.548,2.609,879,19130,-6,6,37.557.884,318667
2021-01-10,2.783.256,15.944,67.750,151,202.429,2.513.077,2.629,264,15529,20,6,37.897.661,339777
2021-01-11,2.786.838,3.582,68.060,310,203.072,2.515.706,2.676,643,2629,47,6,38.243.665,346004
2021-01-12,2.806.590,19.752,68.802,452,204.390,2.533.398,2.688,1318,17692,12,6,38.243.665,0
2021-01-13,2.830.442,23.852,69.031,229,205.672,2.555.739,2.711,1282,22341,23,6,38.490.013,246348
2021-01-14,2.851.670,21.228,69.313,282,206.802,2.575.555,2.726,1130,19816,15,6,38.891.670,401657
2021-01-15,2.872.941,21.271,69.949,399,208.071,2.594.921,2.740,1269,19366,14,6,38.891.670,0
2021-01-16,2.894.347,21.406,70.142,193,208.071,2.616.134,2.740,0,21213,0,6,39.548.718,657048
2021-01-17,2.910.989,16.642,70.283,141,208.071,2.632.635,2.740,0,16501,0,6,39.871.355,322637
2021-01-18,2.914.725,3.736,70.686,403,210.200,2.633.839,2.813,2129,1204,73,6,40.217.159,345804
2021-01-19,2.938.333,23.608,71.342,441,211.816,2.655.175,2.839,1616,21336,26,6,40.432.845,215686
2021-01-20,2.965.117,26.784,71.652,310,213.242,2.680.223,2.852,1426,25048,13,6,40.484.097,51252
2021-01-21,2.987.965,22.848,71.998,346,214.538,2.701.429,2.876,1296,21206,24,6,40.885.502,401405
2021-01-22,3.011.257,23.292,72.647,429,215.822,2.722.788,2.912,1284,21359,36,6,41.226.104,340602
2021-01-23,3.035.181,23.924,72.877,230,216.725,2.745.579,2.896,903,22791,-16,6,41.549.254,323150
2021-01-24,3.053.617,18.436,73.049,172,216.965,2.763.603,2.965,240,18024,69,6,41.889.101,339847
2021-01-25,3.057.857,4.240,73.494,445,217.708,2.766.655,3.041,743,3052,76,6,42.268.957,379856
2021-01-26,3.079.943,22.086,74.106,417,219.152,2.786.685,3.081,1444,20030,40,6,42.478.948,209991
2021-01-27,3.106.859,26.916,74.456,350,220.570,2.811.833,3.107,1418,25148,26,6,42.528.991,50043
2021-01-28,3.130.629,23.770,74.800,344,220.570,2.835.259,3.107,0,23426,0,6,42.973.978,444987
2021-01-29,3.153.487,22.858,75.620,510,223.174,2.854.693,3.130,2604,19434,23,6,43.339.479,365501
2021-01-30,3.177.879,24.392,75.862,242,224.120,2.877.897,3.113,946,23204,-17,6,43.688.734,349255
2021-01-31,3.197.114,19.235,76.057,195,224.406,2.896.651,3.158,286,18754,45,6,44.068.668,379934
2021-02-01,3.201.461,4.347,76.512,455,225.319,2.899.630,3.228,913,2979,70,6,44.482.829,414161
2021-02-02,3.224.798,23.337,77.238,485,226.896,2.920.664,3.280,1577,21034,52,6,44.710.507,227678
2021-02-03,3.251.160,26.362,77.595,357,228.472,2.945.093,3.277,1576,24429,-3,6,44.710.507,0
2021-02-04,3.274.608,23.448,78.190,476,228.472,2.967.946,3.277,0,22853,0,6,45.205.557,495050
2021-02-05,3.296.747,22.139,78.603,413,231.549,2.986.595,3.245,3077,18649,-32,6,45.597.298,391741
2021-02-06,3.317.333,20.586,78.794,191,232.693,3.005.846,3.225,1144,19251,-20,6,45.597.298,0
2021-02-07,3.337.048,19.715,78.965,171,232.977,3.025.106,3.272,284,19260,47,6,46.330.889,733591
2021-02-08,3.341.365,4.317,79.423,458,233.993,3.027.949,3.363,1016,2843,91,6,46.751.422,420533
2021-02-09,3.360.235,18.870,80.147,508,235.717,3.044.371,3.342,1724,16422,-21,6,46.751.422,0
2021-02-10,3.385.622,25.387,80.443,296,237.113,3.068.066,3.319,1396,23695,-23,6,46.980.527,229105
2021-02-11,3.406.685,21.063,80.803,360,238.753,3.087.129,3.337,1640,19063,18,6,47.466.482,485955
2021-02-12,3.427.386,20.701,81.448,429,238.753,3.107.185,3.337,0,20056,0,6,47.466.482,0
2021-02-13,3.448.617,21.231,81.647,199,238.753,3.128.217,3.337,0,21032,0,6,48.207.178,740696
2021-02-14,3.465.163,16.546,81.814,167,238.753,3.144.596,3.337,0,16379,0,6,48.207.178,0
2021-02-15,3.469.539,4.376,82.226,412,242.528,3.144.785,3.381,3775,189,44,6,48.978.616,771438
2021-02-16,3.489.129,19.590,82.812,410,244.238,3.162.079,3.348,1710,17294,-33,6,49.201.307,222691
2021-02-17,3.514.147,25.018,83.122,310,245.737,3.185.288,3.350,1499,23209,2,6,49.251.253,49946
2021-02-18,3.536.648,22.501,83.393,271,247.127,3.206.128,3.394,1390,20840,44,6,49.251.253,0
2021-02-19,3.560.764,24.116,83.964,409,247.127,3.229.673,3.394,0,23545,0,6,49.251.253,0
2021-02-20,3.583.135,22.371,84.147,183,247.127,3.251.861,3.394,0,22188,0,6,49.251.253,0
2021-02-21,3.605.181,22.046,84.306,159,247.127,3.273.748,3.394,0,21887,0,6,49.251.253,0
2021-02-22,3.609.827,4.646,84.613,333,250.532,3.274.682,3.407,3405,934,13,6,51.162.866,1911613
2021-02-23,3.629.891,20.064,85.044,341,252.083,3.292.764,3.435,1551,18082,28,6,51.383.765,220899
2021-02-24,3.661.410,31.519,85.321,277,253.450,3.322.639,3.436,1367,29875,1,6,51.434.422,50657
2021-02-25,3.686.813,25.403,85.582,261,254.868,3.346.363,3.430,1418,23724,-6,6,51.853.607,419185
2021-02-26,3.712.020,25.207,86.147,379,254.868,3.371.005,3.430,0,24642,0,6,51.853.607,0
2021-02-28,3.755.968,19.952,86.454,122,254.868,3.414.646,3.430,0,43641,0,6,51.853.607,0
2021-03-01,3.760.671,4.703,86.803,375,258.384,3.415.484,3.544,3516,838,114,6,53.281.689,1428082
2021-03-02,3.783.528,22.857,87.220,330,259.893,3.436.415,3.586,1509,20931,42,6,53.496.344,214655
2021-03-03,3.810.316,26.788,87.542,322,261.289,3.461.485,3.637,1396,25070,51,6,53.548.191,51847
2021-03-04,3.835.595,25.279,87.835,293,262.690,3.485.070,3.633,1401,23585,-4,6,53.959.451,411260
2021-03-05,3.859.102,23.507,88.274,305,263.919,3.506.909,3.680,1229,21839,47,6,54.303.446,343995
2021-03-06,3.882.408,23.306,88.444,170,264.909,3.529.055,3.689,990,22146,9,6,54.630.785,327339
2021-03-07,3.904.233,21.825,88.574,130,265.295,3.550.364,3.743,386,21309,54,6,54.979.855,349070
2021-03-08,3.909.560,5.327,88.933,359,266.096,3.554.531,3.849,801,4167,106,6,55.376.298,396443
2021-03-09,3.932.862,23.302,89.301,316,267.539,3.576.022,3.918,1443,21491,69,6,55.599.261,222963
2021-03-10,3.963.165,30.303,89.565,264,269.019,3.604.581,3.918,1480,28559,0,6,55.656.279,57018
2021-03-11,3.990.331,27.166,89.830,265,270.433,3.630.068,3.992,1414,25487,74,6,56.091.946,435667
2021-03-12,4.015.560,25.229,90.146,254,271.678,3.653.736,4.033,1245,23668,41,6,56.471.932,379986
2021-03-13,4.045.319,29.759,90.315,169,272.615,3.682.389,4.070,937,28653,37,6,56.824.073,352141
2021-03-14,4.071.662,26.343,90.429,114,272.960,3.708.273,4.127,345,25884,57,6,57.231.533,407460
2021-03-15,4.078.133,6.471,90.762,333,273.771,3.713.600,4.219,811,5327,92,6,57.688.372,456839
2021-03-16,4.108.108,29.975,91.170,338,275.360,3.741.578,4.219,1589,27978,0,6,57.940.302,251930
2021-03-17,4.146.609,38.501,91.437,267,275.360,3.779.812,4.219,0,38234,0,6,57.940.302,0
2021-03-18,4.181.607,34.998,91.679,268,278.263,3.811.665,4.246,2903,31853,27,6,58.498.845,558543
2021-03-19,4.216.695,35.088,91.964,285,279.646,3.845.085,4.287,1383,33420,41,6,58.498.845,0
2021-03-20,4.252.022,35.345,92.167,185,279.646,3.880.209,4.287,0,35124,0,6,58.498.845,0
2021-03-21,4.282.603,30.581,92.305,138,279.646,3.910.652,4.287,0,30443,0,6,58.498.845,0
2021-03-22,4.298.395,15.792,92.621,343,281.885,3.923.889,4.548,2239,13237,261,6,60.494.649,1995804
2021-03-23,4.313.073,14.678,92.908,287,283.507,3.936.658,4.634,1622,12769,86,5,60.773.434,278785
2021-03-24,4.378.446,33.389,93.153,245,283.507,4.001.786,4.634,0,65128,0,5,60.773.434,0
2021-03-25,4.424.087,45.641,93.378,225,286.607,4.044.102,4.709,3100,42316,75,5,61.448.493,675059
2021-03-26,4.465.956,41.869,94.275,363,288.062,4.083.619,4.766,1455,39517,57,5,61.991.132,542639
2021-03-27,4.508.575,42.619,94.465,190,289.350,4.124.760,4.791,1288,41141,25,5,62.480.718,489586
2021-03-28,4.545.589,37.014,94.596,131,289.752,4.161.241,4.872,402,36481,81,4,63.048.069,567351
2021-03-29,4.554.683,9.094,94.956,360,290.810,4.168.917,4.974,1058,7676,102,4,63.656.437,608368
2021-03-30,4.585.385,30.702,95.337,348,292.796,4.197.252,5.072,1986,28335,98,4,63.999.096,342659
2021-03-31,4.644.423,41.907,95.640,303,294.638,4.254.145,5.053,1842,56893,-19,4,63.999.096,0
2021-04-01,4.695.082,50.659,95.976,314,296.166,4.302.940,5.109,1528,48795,56,4,64.823.784,824688
2021-04-02,4.741.759,46.677,96.280,304,297.734,4.347.745,5.254,1568,44805,145,4,65.482.489,658705
2021-04-03,4.761.548,19.789,96.493,213,297.734,4.367.321,5.254,0,19576,0,4,65.482.489,0
2021-04-04,4.822.470,60.922,96.678,185,299.624,4.426.168,5.341,1890,58847,87,4,66.728.544,1246055
2021-04-05,4.833.263,10.793,96.875,197,300.064,4.436.324,5.433,440,10156,92,4,67.392.433,663889
2021-04-06,4.841.308,8.045,97.273,398,301.299,4.442.736,5.626,1235,6412,193,4,67.791.157,398724
2021-04-07,4.841.308,0,97.273,0,301.299,4.442.736,5.626,0,0,0,4,67.791.157,0
2021-04-08,4.939.258,15.869,98.065,345,303.639,4.537.554,5.729,2340,94818,103,4,68.007.540,216383
2021-04-09,4.980.501,41.243,98.395,301,303.639,4.578.467,5.729,0,40913,0,4,68.007.540,0
2021-04-10,5.023.785,43.284,98.574,179,303.639,4.621.572,5.729,0,43105,0,4,69.627.924,1620384
2021-04-11,5.058.680,34.895,98.750,176,309.787,4.650.143,5.838,6148,28571,109,4,69.627.924,0
2021-04-12,5.067.216,8.536,99.135,385,310.934,4.657.147,5.916,1147,7004,78,4,70.140.847,512923
2021-04-13,5.106.329,39.113,99.480,345,3.972.182,1.034.667,5.952,0,0,0,4,70.448.755,0
2021-04-14,5.149.834,43.505,99.777,297,3.978.356,1.071.701,5.902,6174,37034,-50,4,70.521.002,72247
2021-04-15,5.187.879,38.045,100.073,296,4.008.331,1.079.475,5.924,29975,7774,22,4,71.017.438,496436
2021-04-16,5.224.321,36.442,100.404,313,4.046.518,1.077.399,5.914,38187,-2076,-10,4,71.424.719,407281
